name,province,phone_code
کشکسرای,آذربایجان شرقی,041
سهند,آذربایجان شرقی,041
سیس,آذربایجان شرقی,041
دوزدوزان,آذربایجان شرقی,041
تیمورلو,آذربایجان شرقی,041
صوفیان,آذربایجان شرقی,041
سردرود,آذربایجان شرقی,041
هادیشهر,آذربایجان شرقی,041
هشترود,آذربایجان شرقی,041
زرنق,آذربایجان شرقی,041
ترکمانچای,آذربایجان شرقی,041
ورزقان,آذربایجان شرقی,041
تسوج,آذربایجان شرقی,041
زنوز,آذربایجان شرقی,041
ایلخچی,آذربایجان شرقی,041
شرفخانه,آذربایجان شرقی,041
مهربان,آذربایجان شرقی,041
مبارک شهر,آذربایجان شرقی,041
تیکمه داش,آذربایجان شرقی,041
باسمنج,آذربایجان شرقی,041
سیه رود,آذربایجان شرقی,041
میانه,آذربایجان شرقی,041
خمارلو,آذربایجان شرقی,041
خواجه,آذربایجان شرقی,041
بناب مرند,آذربایجان شرقی,041
قره آغاج,آذربایجان شرقی,041
وایقان,آذربایجان شرقی,041
مراغه,آذربایجان شرقی,041
ممقان,آذربایجان شرقی,041
خامنه,آذربایجان شرقی,041
خسروشاه,آذربایجان شرقی,041
لیلان,آذربایجان شرقی,041
نظرکهریزی,آذربایجان شرقی,041
اهر,آذربایجان شرقی,041
بخشایش,آذربایجان شرقی,041
آقکند,آذربایجان شرقی,041
جوان قلعه,آذربایجان شرقی,041
کلیبر,آذربایجان شرقی,041
مرند,آذربایجان شرقی,041
اسکو,آذربایجان شرقی,041
شندآباد,آذربایجان شرقی,041
شربیان,آذربایجان شرقی,041
گوگان,آذربایجان شرقی,041
بستان آباد,آذربایجان شرقی,041
تبریز,آذربایجان شرقی,041
جلفا,آذربایجان شرقی,041
اچاچی,آذربایجان شرقی,041
هریس,آذربایجان شرقی,041
یامچی,آذربایجان شرقی,041
خاروانا,آذربایجان شرقی,041
کوزه کنان,آذربایجان شرقی,041
خداجو(خراجو),آذربایجان شرقی,041
آذرشهر,آذربایجان شرقی,041
شبستر,آذربایجان شرقی,041
سراب,آذربایجان شرقی,041
ملکان,آذربایجان شرقی,041
بناب,آذربایجان شرقی,041
هوراند,آذربایجان شرقی,041
کلوانق,آذربایجان شرقی,041
ترک,آذربایجان شرقی,041
عجب شیر,آذربایجان شرقی,041
آبش احمد,آذربایجان شرقی,041
تازه شهر,آذربایجان غربی,044
نالوس,آذربایجان غربی,044
ایواوغلی,آذربایجان غربی,044
شاهین دژ,آذربایجان غربی,044
گردکشانه,آذربایجان غربی,044
باروق,آذربایجان غربی,044
سیلوانه,آذربایجان غربی,044
بازرگان,آذربایجان غربی,044
نازک علیا,آذربایجان غربی,044
ربط,آذربایجان غربی,044
تکاب,آذربایجان غربی,044
دیزج دیز,آذربایجان غربی,044
سیمینه,آذربایجان غربی,044
نوشین,آذربایجان غربی,044
میاندوآب,آذربایجان غربی,044
مرگنلر,آذربایجان غربی,044
سلماس,آذربایجان غربی,044
آواجیق,آذربایجان غربی,044
قطور,آذربایجان غربی,044
محمودآباد,مازندران,011
خوی,آذربایجان غربی,044
نقده,آذربایجان غربی,044
سرو,آذربایجان غربی,044
خلیفان,آذربایجان غربی,044
پلدشت,آذربایجان غربی,044
میرآباد,آذربایجان غربی,044
اشنویه,آذربایجان غربی,044
زرآباد,سیستان و بلوچستان,054
بوکان,آذربایجان غربی,044
پیرانشهر,آذربایجان غربی,044
چهاربرج,آذربایجان غربی,044
قوشچی,آذربایجان غربی,044
شوط,آذربایجان غربی,044
ماکو,آذربایجان غربی,044
سیه چشمه,آذربایجان غربی,044
سردشت,هرمزگان,076
کشاورز,آذربایجان غربی,044
فیرورق,آذربایجان غربی,044
محمدیار,آذربایجان غربی,044
ارومیه,آذربایجان غربی,044
مهاباد,اصفهان,031
قره ضیاءالدین,آذربایجان غربی,044
پارس آباد,اردبیل,045
فخراباد,اردبیل,045
کلور,اردبیل,045
نیر,یزد,035
اردبیل,اردبیل,045
اسلام اباد,اردبیل,045
تازه کندانگوت,اردبیل,045
مشگین شهر,اردبیل,045
جعفرآباد,اردبیل,045
نمین,اردبیل,045
اصلاندوز,اردبیل,045
مرادلو,اردبیل,045
خلخال,اردبیل,045
کوراییم,اردبیل,045
هیر,اردبیل,045
گیوی,اردبیل,045
گرمی,اردبیل,045
لاهرود,اردبیل,045
هشتجین,اردبیل,045
عنبران,اردبیل,045
تازه کند,اردبیل,045
قصابه,اردبیل,045
رضی,اردبیل,045
سرعین,اردبیل,045
بیله سوار,اردبیل,045
آبی بیگلو,اردبیل,045
گزبرخوار,اصفهان,031
زیار,اصفهان,031
زرین شهر,اصفهان,031
گلشن,اصفهان,031
پیربکران,اصفهان,031
خالدآباد,اصفهان,031
سجزی,اصفهان,031
گوگد,اصفهان,031
تیران,اصفهان,031
ونک,اصفهان,031
دهق,اصفهان,031
زواره,اصفهان,031
کاشان,اصفهان,031
ابوزیدآباد,اصفهان,031
اصغرآباد,اصفهان,031
بافران,اصفهان,031
شهرضا,اصفهان,031
خور,فارس,071
مجلسی,اصفهان,031
هرند,اصفهان,031
فولادشهر,اصفهان,031
کمشچه,اصفهان,031
کلیشادوسودرجان,اصفهان,031
لای بید,اصفهان,031
قهجاورستان,اصفهان,031
چرمهین,اصفهان,031
رزوه,اصفهان,031
فریدونشهر,اصفهان,031
طرق رود,اصفهان,031
نصرآباد,خراسان رضوی,051
برزک,اصفهان,031
سفیدشهر,اصفهان,031
سمیرم,اصفهان,031
گلدشت,اصفهان,031
اردستان,اصفهان,031
جوشقان قالی,اصفهان,031
بویین ومیاندشت,اصفهان,031
کرکوند,اصفهان,031
درچه,اصفهان,031
انارک,اصفهان,031
دولت آباد,خراسان رضوی,051
ایمانشهر,اصفهان,031
گرگاب,اصفهان,031
حسن اباد,فارس,071
سده لنجان,اصفهان,031
حبیب آباد,اصفهان,031
بهاران شهر,اصفهان,031
میمه,ایلام,084
تودشک,اصفهان,031
گلشهر,اصفهان,031
رضوانشهر,گیلان,013
داران,اصفهان,031
علویجه,اصفهان,031
نیک آباد,اصفهان,031
مشکات,اصفهان,031
آران وبیدگل,اصفهان,031
خوانسار,اصفهان,031
نجف آباد,اصفهان,031
منظریه,اصفهان,031
فرخی,اصفهان,031
دیزیچه,اصفهان,031
اژیه,اصفهان,031
زاینده رود,اصفهان,031
خورزوق,اصفهان,031
قهدریجان,اصفهان,031
شاهین شهر,اصفهان,031
بهارستان,اصفهان,031
چمگردان,اصفهان,031
دهاقان,اصفهان,031
برف انبار,اصفهان,031
بادرود,اصفهان,031
کوهپایه,اصفهان,031
گلپایگان,اصفهان,031
عسگران,اصفهان,031
حنا,اصفهان,031
کهریزسنگ,اصفهان,031
کامو و چوگان,اصفهان,031
افوس,اصفهان,031
زیباشهر,اصفهان,031
کوشک,اصفهان,031
نایین,اصفهان,031
سین,اصفهان,031
زازران,اصفهان,031
مبارکه,اصفهان,031
ورزنه,اصفهان,031
ورنامخواست,اصفهان,031
شاپورآباد,اصفهان,031
فلاورجان,اصفهان,031
وزوان,اصفهان,031
اصفهان,اصفهان,031
باغ بهادران,اصفهان,031
چادگان,اصفهان,031
دامنه,اصفهان,031
نطنز,اصفهان,031
محمدآباد,کرمان,034
نیاسر,اصفهان,031
نوش آباد,اصفهان,031
کمه,اصفهان,031
جوزدان,اصفهان,031
قمصر,اصفهان,031
جندق,اصفهان,031
طالخونچه,اصفهان,031
خمینی شهر,اصفهان,031
باغشاد,اصفهان,031
دستگرد,اصفهان,031
ابریشم,اصفهان,031
چهارباغ,البرز,026
آسارا,البرز,026
کرج,البرز,026
طالقان,البرز,026
شهرجدیدهشتگرد,البرز,026
محمدشهر,خراسان جنوبی,056
مشکین دشت,البرز,026
نظرآباد,البرز,026
هشتگرد,البرز,026
ماهدشت,البرز,026
اشتهارد,البرز,026
کوهسار,البرز,026
گرمدره,البرز,026
تنکمان,البرز,026
گلسار,البرز,026
کمال شهر,البرز,026
فردیس,البرز,026
آبدانان,ایلام,084
شباب,ایلام,084
موسیان,ایلام,084
بدره,ایلام,084
ایلام,ایلام,084
ایوان,ایلام,084
مهران,ایلام,084
آسمان آباد,ایلام,084
پهله,ایلام,084
مهر,فارس,071
سراب باغ,ایلام,084
بلاوه,ایلام,084
دره شهر,ایلام,084
ارکواز,ایلام,084
مورموری,ایلام,084
توحید,ایلام,084
دهلران,ایلام,084
لومار,ایلام,084
چوار,ایلام,084
زرنه,ایلام,084
صالح آباد,همدان,081
سرابله,ایلام,084
ماژین,ایلام,084
دلگشا,ایلام,084
ریز,بوشهر,077
برازجان,بوشهر,077
بندرریگ,بوشهر,077
اهرم,بوشهر,077
دوراهک,بوشهر,077
خورموج,بوشهر,077
نخل تقی,بوشهر,077
کلمه,بوشهر,077
بندردیلم,بوشهر,077
وحدتیه,بوشهر,077
بنک,بوشهر,077
چغادک,بوشهر,077
بندردیر,بوشهر,077
کاکی,بوشهر,077
جم,بوشهر,077
دالکی,بوشهر,077
بندرگناوه,بوشهر,077
آباد,بوشهر,077
آبدان,بوشهر,077
خارک,بوشهر,077
شنبه,بوشهر,077
بوشکان,بوشهر,077
انارستان,بوشهر,077
شبانکاره,بوشهر,077
سیراف,بوشهر,077
دلوار,بوشهر,077
بردستان,بوشهر,077
بادوله,بوشهر,077
عسلویه,بوشهر,077
تنگ ارم,بوشهر,077
امام حسن,بوشهر,077
سعد آباد,بوشهر,077
بندرکنگان,بوشهر,077
بوشهر,بوشهر,077
بردخون,بوشهر,077
آب پخش,بوشهر,077
شاهدشهر,تهران,021
پیشوا,تهران,021
جوادآباد,تهران,021
ارجمند,تهران,021
ری,تهران,021
نصیرشهر,تهران,021
رودهن,تهران,021
اندیشه,تهران,021
نسیم شهر,تهران,021
صباشهر,تهران,021
ملارد,تهران,021
شمشک,تهران,021
پاکدشت,تهران,021
باقرشهر,تهران,021
احمد آباد مستوفی,تهران,021
کیلان,تهران,021
قرچک,تهران,021
فردوسیه,تهران,021
گلستان,تهران,021
ورامین,تهران,021
فیروزکوه,تهران,021
فشم,تهران,021
پرند,تهران,021
آبعلی,تهران,021
چهاردانگه,تهران,021
تهران,تهران,021
بومهن,تهران,021
وحیدیه,تهران,021
صفادشت,تهران,021
لواسان,تهران,021
فرون اباد,تهران,021
کهریزک,تهران,021
رباطکریم,تهران,021
آبسرد,تهران,021
باغستان,تهران,021
صالحیه,تهران,021
شهریار,تهران,021
قدس,تهران,021
تجریش,تهران,021
شریف آباد,تهران,021
حسن آباد,تهران,021
اسلامشهر,تهران,021
دماوند,تهران,021
پردیس,تهران,021
وردنجان,چهارمحال و بختیاری,038
گوجان,چهارمحال و بختیاری,038
گهرو,چهارمحال و بختیاری,038
سورشجان,چهارمحال و بختیاری,038
سرخون,چهارمحال و بختیاری,038
شهرکرد,چهارمحال و بختیاری,038
منج,چهارمحال و بختیاری,038
بروجن,چهارمحال و بختیاری,038
پردنجان,چهارمحال و بختیاری,038
سامان,چهارمحال و بختیاری,038
فرخ شهر,چهارمحال و بختیاری,038
صمصامی,چهارمحال و بختیاری,038
طاقانک,چهارمحال و بختیاری,038
کاج,چهارمحال و بختیاری,038
نقنه,چهارمحال و بختیاری,038
لردگان,چهارمحال و بختیاری,038
باباحیدر,چهارمحال و بختیاری,038
دستنا,چهارمحال و بختیاری,038
سودجان,چهارمحال و بختیاری,038
بازفت,چهارمحال و بختیاری,038
هفشجان,چهارمحال و بختیاری,038
فرادبنه,چهارمحال و بختیاری,038
چلیچه,چهارمحال و بختیاری,038
بن,چهارمحال و بختیاری,038
فارسان,چهارمحال و بختیاری,038
شلمزار,چهارمحال و بختیاری,038
نافچ,چهارمحال و بختیاری,038
دشتک,چهارمحال و بختیاری,038
بلداجی,چهارمحال و بختیاری,038
آلونی,چهارمحال و بختیاری,038
گندمان,چهارمحال و بختیاری,038
جونقان,چهارمحال و بختیاری,038
ناغان,چهارمحال و بختیاری,038
هارونی,چهارمحال و بختیاری,038
چلگرد,چهارمحال و بختیاری,038
کیان,چهارمحال و بختیاری,038
اردل,چهارمحال و بختیاری,038
سفیددشت,چهارمحال و بختیاری,038
مال خلیفه,چهارمحال و بختیاری,038
اسلامیه,خراسان جنوبی,056
شوسف,خراسان جنوبی,056
قاین,خراسان جنوبی,056
عشق آباد,خراسان رضوی,051
طبس مسینا,خراسان جنوبی,056
ارسک,خراسان جنوبی,056
آیسک,خراسان جنوبی,056
نیمبلوک,خراسان جنوبی,056
دیهوک,خراسان جنوبی,056
سربیشه,خراسان جنوبی,056
بیرجند,خراسان جنوبی,056
فردوس,خراسان جنوبی,056
نهبندان,خراسان جنوبی,056
اسفدن,خراسان جنوبی,056
گزیک,خراسان جنوبی,056
حاجی آباد,فارس,071
سه قلعه,خراسان جنوبی,056
آرین شهر,خراسان جنوبی,056
مود,خراسان جنوبی,056
خوسف,خراسان جنوبی,056
قهستان,خراسان جنوبی,056
بشرویه,خراسان جنوبی,056
سرایان,خراسان جنوبی,056
خضری دشت بیاض,خراسان جنوبی,056
طبس,خراسان جنوبی,056
اسدیه,خراسان جنوبی,056
زهان,خراسان جنوبی,056
بار,خراسان رضوی,051
نیل شهر,خراسان رضوی,051
جنگل,خراسان رضوی,051
درود,خراسان رضوی,051
رباط سنگ,خراسان رضوی,051
سلطان آباد,خراسان رضوی,051
فریمان,خراسان رضوی,051
گناباد,خراسان رضوی,051
کاریز,خراسان رضوی,051
همت آباد,خراسان رضوی,051
سلامی,خراسان رضوی,051
باجگیران,خراسان رضوی,051
بجستان,خراسان رضوی,051
چناران,خراسان رضوی,051
درگز,خراسان رضوی,051
کلات,خراسان رضوی,051
چکنه,خراسان رضوی,051
بردسکن,خراسان رضوی,051
مشهد,خراسان رضوی,051
کدکن,خراسان رضوی,051
نقاب,خراسان رضوی,051
قلندرآباد,خراسان رضوی,051
کاشمر,خراسان رضوی,051
شاندیز,خراسان رضوی,051
نشتیفان,خراسان رضوی,051
ششتمد,خراسان رضوی,051
شادمهر,خراسان رضوی,051
چاپشلو,خراسان رضوی,051
رشتخوار,خراسان رضوی,051
قدمگاه,خراسان رضوی,051
داورزن,خراسان رضوی,051
فرهادگرد,خراسان رضوی,051
کاخک,خراسان رضوی,051
مشهدریزه,خراسان رضوی,051
جغتای,خراسان رضوی,051
مزدآوند,خراسان رضوی,051
قوچان,خراسان رضوی,051
یونسی,خراسان رضوی,051
سنگان,خراسان رضوی,051
نوخندان,خراسان رضوی,051
کندر,خراسان رضوی,051
نیشابور,خراسان رضوی,051
احمدابادصولت,خراسان رضوی,051
شهراباد,خراسان رضوی,051
رضویه,خراسان رضوی,051
تربت حیدریه,خراسان رضوی,051
باخرز,خراسان رضوی,051
سفیدسنگ,خراسان رضوی,051
بیدخت,خراسان رضوی,051
تایباد,خراسان رضوی,051
فیروزه,خراسان رضوی,051
قاسم آباد,خراسان رضوی,051
سبزوار,خراسان رضوی,051
فیض آباد,خراسان رضوی,051
گلمکان,خراسان رضوی,051
لطف آباد,خراسان رضوی,051
شهرزو,خراسان رضوی,051
خرو,خراسان رضوی,051
تربت جام,خراسان رضوی,051
انابد,خراسان رضوی,051
ملک آباد,خراسان رضوی,051
بایک,خراسان رضوی,051
سرخس,خراسان رضوی,051
ریوش,خراسان رضوی,051
طرقبه,خراسان رضوی,051
خواف,خراسان رضوی,051
روداب,خراسان رضوی,051
خلیل آباد,خراسان رضوی,051
چناران شهر,خراسان شمالی,058
راز,خراسان شمالی,058
پیش قلعه,خراسان شمالی,058
قوشخانه,خراسان شمالی,058
شوقان,خراسان شمالی,058
اسفراین,خراسان شمالی,058
گرمه,خراسان شمالی,058
قاضی,خراسان شمالی,058
شیروان,خراسان شمالی,058
حصارگرمخان,خراسان شمالی,058
آشخانه,خراسان شمالی,058
تیتکانلو,خراسان شمالی,058
جاجرم,خراسان شمالی,058
بجنورد,خراسان شمالی,058
درق,خراسان شمالی,058
آوا,خراسان شمالی,058
زیارت,خراسان شمالی,058
سنخواست,خراسان شمالی,058
صفی آباد,خوزستان,061
ایور,خراسان شمالی,058
فاروج,خراسان شمالی,058
لوجلی,خراسان شمالی,058
هفتگل,خوزستان,061
بیدروبه,خوزستان,061
شاوور,خوزستان,061
حمزه,خوزستان,061
گتوند,خوزستان,061
شرافت,خوزستان,061
منصوریه,خوزستان,061
زهره,خوزستان,061
رامهرمز,خوزستان,061
بندرامام خمینی,خوزستان,061
کوت عبداله,خوزستان,061
میداود,خوزستان,061
چغامیش,خوزستان,061
ملاثانی,خوزستان,061
چم گلک,خوزستان,061
حر,خوزستان,061
شمس آباد,خوزستان,061
آبژدان,خوزستان,061
چویبده,خوزستان,061
مسجدسلیمان,خوزستان,061
مقاومت,خوزستان,061
ترکالکی,خوزستان,061
دارخوین,خوزستان,061
لالی,خوزستان,061
کوت سیدنعیم,خوزستان,061
حمیدیه,خوزستان,061
دهدز,خوزستان,061
قلعه تل,خوزستان,061
میانرود,خوزستان,061
رفیع,خوزستان,061
اندیمشک,خوزستان,061
الوان,خوزستان,061
سالند,خوزستان,061
صالح شهر,خوزستان,061
اروندکنار,خوزستان,061
سرداران,خوزستان,061
تشان,خوزستان,061
رامشیر,خوزستان,061
شادگان,خوزستان,061
بندرماهشهر,خوزستان,061
جایزان,خوزستان,061
بستان,خوزستان,061
ویس,خوزستان,061
اهواز,خوزستان,061
فتح المبین,خوزستان,061
شهر امام,خوزستان,061
قلعه خواجه,خوزستان,061
حسینیه,خوزستان,061
گلگیر,خوزستان,061
مینوشهر,خوزستان,061
سماله,خوزستان,061
شوشتر,خوزستان,061
بهبهان,خوزستان,061
هندیجان,خوزستان,061
ابوحمیظه,خوزستان,061
آغاجاری,خوزستان,061
ایذه,خوزستان,061
صیدون,خوزستان,061
سیاه منصور,خوزستان,061
هویزه,خوزستان,061
آزادی,خوزستان,061
شوش,خوزستان,061
دزفول,خوزستان,061
جنت مکان,خوزستان,061
آبادان,خوزستان,061
گوریه,خوزستان,061
خرمشهر,خوزستان,061
مشراگه,خوزستان,061
خنافره,خوزستان,061
چمران,خوزستان,061
امیدیه,خوزستان,061
سوسنگرد,خوزستان,061
شیبان,خوزستان,061
الهایی,خوزستان,061
باغ ملک,خوزستان,061
سجاس,زنجان,024
زرین رود,زنجان,024
آب بر,زنجان,024
ارمغانخانه,زنجان,024
کرسف,زنجان,024
هیدج,زنجان,024
سلطانیه,زنجان,024
خرمدره,زنجان,024
نیک پی,زنجان,024
قیدار,زنجان,024
ابهر,زنجان,024
دندی,زنجان,024
حلب,زنجان,024
نوربهار,زنجان,024
گرماب,زنجان,024
چورزق,زنجان,024
زنجان,زنجان,024
سهرورد,زنجان,024
صایین قلعه,زنجان,024
ماه نشان,زنجان,024
زرین آباد,زنجان,024
ایوانکی,سمنان,023
مجن,سمنان,023
دامغان,سمنان,023
سرخه,سمنان,023
مهدی شهر,سمنان,023
شاهرود,سمنان,023
سمنان,سمنان,023
کهن آباد,سمنان,023
گرمسار,سمنان,023
کلاته خیج,سمنان,023
دیباج,سمنان,023
درجزین,سمنان,023
رودیان,سمنان,023
بسطام,سمنان,023
امیریه,سمنان,023
میامی,سمنان,023
شهمیرزاد,سمنان,023
بیارجمند,سمنان,023
کلاته,سمنان,023
آرادان,سمنان,023
محمدی,سیستان و بلوچستان,054
شهرک علی اکبر,سیستان و بلوچستان,054
بنجار,سیستان و بلوچستان,054
گلمورتی,سیستان و بلوچستان,054
نگور,سیستان و بلوچستان,054
راسک,سیستان و بلوچستان,054
بنت,سیستان و بلوچستان,054
قصرقند,سیستان و بلوچستان,054
جالق,سیستان و بلوچستان,054
هیدوچ,سیستان و بلوچستان,054
نوک آباد,سیستان و بلوچستان,054
زهک,سیستان و بلوچستان,054
بمپور,سیستان و بلوچستان,054
پیشین,سیستان و بلوچستان,054
گشت,سیستان و بلوچستان,054
زاهدان,سیستان و بلوچستان,054
زابلی,سیستان و بلوچستان,054
چاه بهار,سیستان و بلوچستان,054
بزمان,سیستان و بلوچستان,054
اسپکه,سیستان و بلوچستان,054
فنوج,سیستان و بلوچستان,054
سراوان,سیستان و بلوچستان,054
ادیمی,سیستان و بلوچستان,054
زابل,سیستان و بلوچستان,054
دوست محمد,سیستان و بلوچستان,054
ایرانشهر,سیستان و بلوچستان,054
سرباز,سیستان و بلوچستان,054
سیرکان,سیستان و بلوچستان,054
میرجاوه,سیستان و بلوچستان,054
نصرت آباد,سیستان و بلوچستان,054
سوران,سیستان و بلوچستان,054
خاش,سیستان و بلوچستان,054
کنارک,سیستان و بلوچستان,054
محمدان,سیستان و بلوچستان,054
نیک شهر,سیستان و بلوچستان,054
کازرون,فارس,071
کارزین (فتح آباد),فارس,071
فدامی,فارس,071
خومه زار,فارس,071
سلطان شهر,فارس,071
فیروزآباد,لرستان,066
دبیران,فارس,071
باب انار,فارس,071
رامجرد,فارس,071
سروستان,فارس,071
قره بلاغ,فارس,071
ارسنجان,فارس,071
دژکرد,فارس,071
بیرم,فارس,071
دهرم,فارس,071
شیراز,فارس,071
ایزدخواست,فارس,071
علامرودشت,فارس,071
اوز,فارس,071
وراوی,فارس,071
بیضا,فارس,071
نی ریز,فارس,071
کنارتخته,فارس,071
امام شهر,فارس,071
جهرم,فارس,071
بابامنیر,فارس,071
گراش,فارس,071
فسا,فارس,071
شهرپیر,فارس,071
کامفیروز,فارس,071
خنج,فارس,071
خانه زنیان,فارس,071
استهبان,فارس,071
بوانات,فارس,071
لطیفی,فارس,071
فراشبند,فارس,071
زرقان,فارس,071
صغاد,فارس,071
اشکنان,فارس,071
قایمیه,فارس,071
گله دار,فارس,071
دوبرجی,فارس,071
آباده طشک,فارس,071
خرامه,فارس,071
میمند,فارس,071
افزر,فارس,071
دوزه,فارس,071
سیدان,فارس,071
کوپن,فارس,071
زاهدشهر,فارس,071
قادراباد,فارس,071
سده,فارس,071
بنارویه,فارس,071
سعادت شهر,فارس,071
شهرصدرا,فارس,071
سورمق,فارس,071
حسامی,فارس,071
جویم,فارس,071
خوزی,فارس,071
اردکان,یزد,035
قطرویه,فارس,071
نودان,فارس,071
مبارک آباددیز,فارس,071
داراب,فارس,071
نورآباد,لرستان,066
کوار,فارس,071
نوبندگان,فارس,071
خاوران,فارس,071
مرودشت,فارس,071
کوهنجان,فارس,071
ششده,فارس,071
مزایجان,فارس,071
ایج,فارس,071
نوجین,فارس,071
لپویی,فارس,071
بهمن,فارس,071
اهل,فارس,071
خشت,فارس,071
جنت شهر,فارس,071
مشکان,فارس,071
بالاده,فارس,071
قیر,فارس,071
قطب آباد,فارس,071
خانیمن,فارس,071
مصیری,فارس,071
میانشهر,فارس,071
صفاشهر,فارس,071
اقلید,فارس,071
عمادده,فارس,071
مادرسلیمان,فارس,071
داریان,فارس,071
رونیز,فارس,071
کره ای,فارس,071
لار,فارس,071
اسیر,فارس,071
هماشهر,کرمان,034
آباده,فارس,071
لامرد,فارس,071
سگزآباد,قزوین,028
بیدستان,قزوین,028
کوهین,قزوین,028
رازمیان,قزوین,028
خرمدشت,قزوین,028
آبگرم,قزوین,028
شال,قزوین,028
شریفیه,قزوین,028
اقبالیه,قزوین,028
نرجه,قزوین,028
ارداق,قزوین,028
الوند,قزوین,028
خاکعلی,قزوین,028
سیردان,قزوین,028
ضیاڈآباد,قزوین,028
بویین زهرا,قزوین,028
محمدیه,قزوین,028
محمودآبادنمونه,قزوین,028
معلم کلایه,قزوین,028
اسفرورین,قزوین,028
آوج,قزوین,028
دانسفهان,قزوین,028
آبیک,قزوین,028
قزوین,قزوین,028
تاکستان,قزوین,028
کهک,قم,025
قم,قم,025
سلفچگان,قم,025
جعفریه,قم,025
قنوات,قم,025
دستجرد,قم,025
قروه,کردستان,087
توپ آغاج,کردستان,087
سروآباد,کردستان,087
بویین سفلی,کردستان,087
زرینه,کردستان,087
دلبران,کردستان,087
سنندج,کردستان,087
یاسوکند,کردستان,087
موچش,کردستان,087
بانه,کردستان,087
مریوان,کردستان,087
سریش آباد,کردستان,087
صاحب,کردستان,087
دهگلان,کردستان,087
بابارشانی,کردستان,087
دیواندره,کردستان,087
برده رشه,کردستان,087
شویشه,کردستان,087
بیجار,کردستان,087
اورامان تخت,کردستان,087
کانی سور,کردستان,087
کانی دینار,کردستان,087
دزج,کردستان,087
سقز,کردستان,087
بلبان آباد,کردستان,087
پیرتاج,کردستان,087
کامیاران,کردستان,087
آرمرده,کردستان,087
چناره,کردستان,087
کهنوج,کرمان,034
بلوک,کرمان,034
پاریز,کرمان,034
گنبکی,کرمان,034
زنگی آباد,کرمان,034
بم,کرمان,034
خانوک,کرمان,034
کیانشهر,کرمان,034
جوپار,کرمان,034
عنبرآباد,کرمان,034
جوزم,کرمان,034
نظام شهر,کرمان,034
لاله زار,کرمان,034
کشکوییه,کرمان,034
زیدآباد,کرمان,034
هنزا,کرمان,034
چترود,کرمان,034
جبالبارز,کرمان,034
سیرجان,کرمان,034
رودبار,گیلان,013
کرمان,کرمان,034
بافت,کرمان,034
صفاییه,کرمان,034
منوجان,کرمان,034
اندوهجرد,کرمان,034
هجدک,کرمان,034
خورسند,کرمان,034
امین شهر,کرمان,034
بردسیر,کرمان,034
رفسنجان,کرمان,034
اختیارآباد,کرمان,034
بروات,کرمان,034
ریحان,کرمان,034
کوهبنان,کرمان,034
ماهان,کرمان,034
دوساری,کرمان,034
دهج,کرمان,034
فاریاب,کرمان,034
گلزار,کرمان,034
بهرمان,کرمان,034
بلورد,کرمان,034
فهرج,کرمان,034
کاظم آباد,کرمان,034
جیرفت,کرمان,034
نجف شهر,کرمان,034
قلعه گنج,کرمان,034
باغین,کرمان,034
بزنجان,کرمان,034
زرند,کرمان,034
نودژ,کرمان,034
گلباف,کرمان,034
راور,کرمان,034
خاتون اباد,کرمان,034
نرماشیر,کرمان,034
دشتکار,کرمان,034
مس سرچشمه,کرمان,034
خواجو شهر,کرمان,034
رابر,کرمان,034
راین,کرمان,034
درب بهشت,کرمان,034
یزدان شهر,کرمان,034
زهکلوت,کرمان,034
محی آباد,کرمان,034
مردهک,کرمان,034
شهداد,کرمان,034
ارزوییه,کرمان,034
نگار,کرمان,034
شهربابک,کرمان,034
انار,کرمان,034
سنقر,کرمانشاه,083
شاهو,کرمانشاه,083
بانوره,کرمانشاه,083
تازه آباد,کرمانشاه,083
هلشی,کرمانشاه,083
جوانرود,کرمانشاه,083
قصرشیرین,کرمانشاه,083
نوسود,کرمانشاه,083
کرند,کرمانشاه,083
کوزران,کرمانشاه,083
بیستون,کرمانشاه,083
حمیل,کرمانشاه,083
گیلانغرب,کرمانشاه,083
سطر,کرمانشاه,083
روانسر,کرمانشاه,083
پاوه,کرمانشاه,083
ازگله,کرمانشاه,083
کرمانشاه,کرمانشاه,083
میان راهان,کرمانشاه,083
کنگاور,کرمانشاه,083
سرپل ذهاب,کرمانشاه,083
ریجاب,کرمانشاه,083
باینگان,کرمانشاه,083
هرسین,کرمانشاه,083
اسلام آبادغرب,کرمانشاه,083
سرمست,کرمانشاه,083
سومار,کرمانشاه,083
نودشه,کرمانشاه,083
گهواره,کرمانشاه,083
رباط,کرمانشاه,083
صحنه,کرمانشاه,083
گودین,کرمانشاه,083
گراب سفلی,کهگیلویه و بویراحمد,074
لنده,کهگیلویه و بویراحمد,074
سی سخت,کهگیلویه و بویراحمد,074
دهدشت,کهگیلویه و بویراحمد,074
یاسوج,کهگیلویه و بویراحمد,074
سرفاریاب,کهگیلویه و بویراحمد,074
دوگنبدان,کهگیلویه و بویراحمد,074
چیتاب,کهگیلویه و بویراحمد,074
لیکک,کهگیلویه و بویراحمد,074
دیشموک,کهگیلویه و بویراحمد,074
مادوان,کهگیلویه و بویراحمد,074
باشت,کهگیلویه و بویراحمد,074
پاتاوه,کهگیلویه و بویراحمد,074
قلعه رییسی,کهگیلویه و بویراحمد,074
مارگون,کهگیلویه و بویراحمد,074
چرام,کهگیلویه و بویراحمد,074
سوق,کهگیلویه و بویراحمد,074
سیمین شهر,گلستان,017
مزرعه,گلستان,017
رامیان,گلستان,017
فراغی,گلستان,017
گنبدکاووس,گلستان,017
کردکوی,گلستان,017
مراوه,گلستان,017
بندرترکمن,گلستان,017
نگین شهر,گلستان,017
آق قلا,گلستان,017
سرخنکلاته,گلستان,017
گالیکش,گلستان,017
سنگدوین,گلستان,017
دلند,گلستان,017
بندرگز,گلستان,017
نوده خاندوز,گلستان,017
مینودشت,گلستان,017
گرگان,گلستان,017
گمیش تپه,گلستان,017
علی اباد,گلستان,017
خان ببین,گلستان,017
کلاله,گلستان,017
اینچه برون,گلستان,017
فاضل آباد,گلستان,017
تاتارعلیا,گلستان,017
نوکنده,گلستان,017
آزادشهر,گلستان,017
انبارآلوم,گلستان,017
جلین,گلستان,017
منجیل,گیلان,013
شلمان,گیلان,013
خشکبیجار,گیلان,013
ماکلوان,گیلان,013
سنگر,گیلان,013
مرجقل,گیلان,013
لیسار,گیلان,013
رحیم آباد,گیلان,013
لوندویل,گیلان,013
احمدسرگوراب,گیلان,013
لوشان,گیلان,013
اطاقور,گیلان,013
لشت نشاء,گیلان,013
فومن,گیلان,013
چوبر,گیلان,013
بازار جمعه,گیلان,013
کلاچای,گیلان,013
بندرانزلی,گیلان,013
املش,گیلان,013
رستم آباد,گیلان,013
لاهیجان,گیلان,013
توتکابن,گیلان,013
لنگرود,گیلان,013
کوچصفهان,گیلان,013
صومعه سرا,گیلان,013
اسالم,گیلان,013
دیلمان,گیلان,013
رودسر,گیلان,013
کیاشهر,گیلان,013
شفت,گیلان,013
کومله,گیلان,013
رشت,گیلان,013
ماسوله,گیلان,013
خمام,گیلان,013
ماسال,گیلان,013
واجارگاه,گیلان,013
هشتپر (تالش),گیلان,013
پره سر,گیلان,013
بره سر,گیلان,013
آستارا,گیلان,013
رودبنه,گیلان,013
جیرنده,گیلان,013
چاف و چمخاله,گیلان,013
لولمان,گیلان,013
گوراب زرمیخ,گیلان,013
حویق,گیلان,013
سیاهکل,گیلان,013
چابکسر,گیلان,013
آستانه اشرفیه,گیلان,013
رانکوه,گیلان,013
چالانچولان,لرستان,066
بیران شهر,لرستان,066
ویسیان,لرستان,066
شول آباد,لرستان,066
پلدختر,لرستان,066
کوهدشت,لرستان,066
هفت چشمه,لرستان,066
بروجرد,لرستان,066
الشتر,لرستان,066
مومن آباد,لرستان,066
دورود,لرستان,066
زاغه,لرستان,066
چقابل,لرستان,066
الیگودرز,لرستان,066
معمولان,لرستان,066
کوهنانی,لرستان,066
سپیددشت,لرستان,066
سراب دوره,لرستان,066
ازنا,لرستان,066
گراب,لرستان,066
خرم آباد,مازندران,011
اشترینان,لرستان,066
درب گنبد,لرستان,066
گلوگاه,مازندران,011
پل سفید,مازندران,011
دابودشت,مازندران,011
چالوس,مازندران,011
کیاسر,مازندران,011
بهنمیر,مازندران,011
تنکابن,مازندران,011
کلاردشت,مازندران,011
ایزدشهر,مازندران,011
گتاب,مازندران,011
سلمان شهر,مازندران,011
ارطه,مازندران,011
امیرکلا,مازندران,011
کوهی خیل,مازندران,011
پایین هولار,مازندران,011
گزنک,مازندران,011
رامسر,مازندران,011
نوشهر,مازندران,011
خلیل شهر,مازندران,011
کیاکلا,مازندران,011
نور,مازندران,011
مرزیکلا,مازندران,011
فریدونکنار,مازندران,011
زیرآب,مازندران,011
امامزاده عبدالله,مازندران,011
هچیرود,مازندران,011
فریم,مازندران,011
هادی شهر,مازندران,011
نشتارود,مازندران,011
پول,مازندران,011
بهشهر,مازندران,011
کلارآباد,مازندران,011
بلده,مازندران,011
بابل,مازندران,011
جویبار,مازندران,011
آلاشت,مازندران,011
آمل,مازندران,011
نکا,مازندران,011
کتالم وسادات شهر,مازندران,011
بابلسر,مازندران,011
شیرود,مازندران,011
شیرگاه,مازندران,011
رویان,مازندران,011
زرگرمحله,مازندران,011
عباس اباد,مازندران,011
قایم شهر,مازندران,011
خوش رودپی,مازندران,011
مرزن آباد,مازندران,011
ساری,مازندران,011
رینه,مازندران,011
سرخرود,مازندران,011
کجور,مازندران,011
رستمکلا,مازندران,011
سورک,مازندران,011
چمستان,مازندران,011
آستانه,مرکزی,086
خنجین,مرکزی,086
نراق,مرکزی,086
کمیجان,مرکزی,086
آشتیان,مرکزی,086
رازقان,مرکزی,086
مهاجران,همدان,081
غرق آباد,مرکزی,086
خنداب,مرکزی,086
قورچی باشی,مرکزی,086
خشکرود,مرکزی,086
ساروق,مرکزی,086
محلات,مرکزی,086
شازند,مرکزی,086
ساوه,مرکزی,086
میلاجرد,مرکزی,086
تفرش,مرکزی,086
زاویه,مرکزی,086
اراک,مرکزی,086
توره,مرکزی,086
نوبران,مرکزی,086
فرمهین,مرکزی,086
دلیجان,مرکزی,086
پرندک,مرکزی,086
کارچان,مرکزی,086
نیمور,مرکزی,086
هندودر,مرکزی,086
آوه,مرکزی,086
جاورسیان,مرکزی,086
خمین,مرکزی,086
مامونیه,مرکزی,086
داودآباد,مرکزی,086
شهباز,مرکزی,086
بیکاء,هرمزگان,076
تیرور,هرمزگان,076
گروک,هرمزگان,076
قشم,هرمزگان,076
کوشکنار,هرمزگان,076
کیش,هرمزگان,076
سرگز,هرمزگان,076
بندرعباس,هرمزگان,076
زیارتعلی,هرمزگان,076
سندرک,هرمزگان,076
کوهستک,هرمزگان,076
لمزان,هرمزگان,076
رویدر,هرمزگان,076
قلعه قاضی,هرمزگان,076
فارغان,هرمزگان,076
ابوموسی,هرمزگان,076
هشتبندی,هرمزگان,076
درگهان,هرمزگان,076
پارسیان,هرمزگان,076
کنگ,هرمزگان,076
جناح,هرمزگان,076
تازیان پایین,هرمزگان,076
دهبارز,هرمزگان,076
میناب,هرمزگان,076
سیریک,هرمزگان,076
سوزا,هرمزگان,076
خمیر,هرمزگان,076
چارک,هرمزگان,076
حاجی اباد,هرمزگان,076
فین,هرمزگان,076
بندرجاسک,هرمزگان,076
گوهران,هرمزگان,076
هرمز,هرمزگان,076
دشتی,هرمزگان,076
بندرلنگه,هرمزگان,076
بستک,هرمزگان,076
تخت,هرمزگان,076
زنگنه,همدان,081
دمق,همدان,081
سرکان,همدان,081
آجین,همدان,081
جورقان,همدان,081
برزول,همدان,081
فامنین,همدان,081
سامن,همدان,081
بهار,همدان,081
فرسفج,همدان,081
شیرین سو,همدان,081
مریانج,همدان,081
فیروزان,همدان,081
قروه درجزین,همدان,081
ازندریان,همدان,081
لالجین,همدان,081
گل تپه,همدان,081
گیان,همدان,081
ملایر,همدان,081
تویسرکان,همدان,081
اسدآباد,همدان,081
همدان,همدان,081
نهاوند,همدان,081
رزن,همدان,081
جوکار,همدان,081
کبودرآهنگ,همدان,081
قهاوند,همدان,081
مروست,یزد,035
مهردشت,یزد,035
حمیدیا,یزد,035
تفت,یزد,035
اشکذر,یزد,035
ندوشن,یزد,035
یزد,یزد,035
عقدا,یزد,035
بهاباد,یزد,035
ابرکوه,یزد,035
زارچ,یزد,035
هرات,یزد,035
بفروییه,یزد,035
شاهدیه,یزد,035
بافق,یزد,035
خضرآباد,یزد,035
میبد,یزد,035
مهریز,یزد,035
احمدآباد,یزد,035
